,ground_truth_forrest,ground_truth_sharmi,mbp_file,path_prediction_unpropped,path_signal
0,-0.0049697751 -0.0996466677 0.0995488064 -0.0046842072 388.6536221854 1550.6416763225,-0.0054336333 -0.0993177751 0.0992215863 -0.0051484690 389.3595751633 1551.2860966612,file:/nas3/data/M247514_Rorb_1/processed/deconvolveddata_new/Ribbon0000/Session0003/MBP/MBP_S0000_F0011_Z00.tif,01/prediction_LMmed_unpropped.tiff,file:/allen/aics/modeling/data/registration_test_data_v2/M247514_Rorb_1/EMraw/ribbon0000/M247514_Rorb_1_Ribbon0000_data/session_1836000179/Site 3/S_000_2098862426/Tile_r2-c2_S_000_209886_flip_flip.tif
1,-0.0050916419 0.0965703108 -0.0963684090 -0.0052680329 477.0418291636 1169.3049085806,-0.0054538169 0.0967659427 -0.0965629523 -0.0056298654 477.2736148568 1169.2459245479,file:/nas3/data/M247514_Rorb_1/processed/deconvolveddata_new/Ribbon0000/Session0003/MBP/MBP_S0000_F0013_Z00.tif,02/prediction_LMmed_unpropped.tiff,file:/allen/aics/modeling/data/registration_test_data_v2/M247514_Rorb_1/EMraw/ribbon0000/M247514_Rorb_1_Ribbon0000_take2_data/session_1348845486/Site 5/S_000_931903621/Tile_r2-c1_S_000_93190_flip_flip.tif
2,-0.0046269833 -0.0987261665 0.0988716915 -0.0052757418 396.0489742128 1660.5295045772,-0.0043611497 -0.0984254161 0.0985721311 -0.0050074842 395.6732541680 1660.1135979048,file:/nas3/data/M247514_Rorb_1/processed/deconvolveddata_new/Ribbon0000/Session0003/MBP/MBP_S0000_F0011_Z00.tif,07/prediction_LMmed_unpropped.tiff,file:/allen/aics/modeling/data/registration_test_data_v2/M247514_Rorb_1/EMraw/ribbon0000/M247514_Rorb_1_Ribbon0000_data/session_1836000179/Site 3/S_000_2098862426/Tile_r2-c1_S_000_209886_flip_flip.tif
3,-0.0045638257 -0.0989953040 0.0988169544 -0.0050313172 280.1326702653 1564.6603054765,-0.0045593107 -0.0995966057 0.0994173273 -0.0050296927 279.3964893266 1565.0679479362,file:/nas3/data/M247514_Rorb_1/processed/deconvolveddata_new/Ribbon0000/Session0003/MBP/MBP_S0000_F0011_Z00.tif,09/prediction_LMmed_unpropped.tiff,file:/allen/aics/modeling/data/registration_test_data_v2/M247514_Rorb_1/EMraw/ribbon0000/M247514_Rorb_1_Ribbon0000_data/session_1836000179/Site 3/S_000_2098862426/Tile_r3-c2_S_000_209886_flip_flip.tif
4,-0.0051079961 0.0971062734 -0.0969866286 -0.0053928615 453.4004502804 1294.8124639255,-0.0056638557 0.0977180348 -0.0975960704 -0.0059499530 454.0700204525 1294.3799730082,file:/nas3/data/M247514_Rorb_1/processed/deconvolveddata_new/Ribbon0000/Session0003/MBP/MBP_S0000_F0013_Z00.tif,10/prediction_LMmed_unpropped.tiff,file:/allen/aics/modeling/data/registration_test_data_v2/M247514_Rorb_1/EMraw/ribbon0000/M247514_Rorb_1_Ribbon0000_take2_data/session_1348845486/Site 5/S_000_931903621/Tile_r2-c2_S_000_93190_flip_flip.tif
5,-0.0049879108 -0.0983708047 0.0984159009 -0.0047500070 497.7587392678 1548.7585354886,-0.0052308891 -0.0989704860 0.0990163749 -0.0049916061 497.5316070577 1549.6634417863,file:/nas3/data/M247514_Rorb_1/processed/deconvolveddata_new/Ribbon0000/Session0003/MBP/MBP_S0000_F0011_Z00.tif,12/prediction_LMmed_unpropped.tiff,file:/allen/aics/modeling/data/registration_test_data_v2/M247514_Rorb_1/EMraw/ribbon0000/M247514_Rorb_1_Ribbon0000_data/session_1836000179/Site 3/S_000_2098862426/Tile_r1-c2_S_000_209886_flip_flip.tif
6,-0.0002149481 0.0976292702 -0.0974891512 -0.0004272388 515.3189902019 1226.3360640036,0.0000527169 0.0967978242 -0.0966594773 -0.0001581461 514.2259411845 1226.3932865040,file:/nas3/data/M247514_Rorb_1/processed/deconvolveddata_new/Ribbon0000/Session0003/MBP/MBP_S0003_F0013_Z00.tif,102/prediction_LMmed_unpropped.tiff,file:/allen/aics/modeling/data/registration_test_data_v2/M247514_Rorb_1/EMraw/ribbon0000/M247514_Rorb_1_Ribbon0000_take2_data/session_1348845486/Site 5/S_003_1021472391/Tile_r2-c1_S_003_102147_flip_flip.tif
7,-0.0110097822 -0.0985259681 0.0986038679 -0.0108154802 531.4220483714 1626.3707119478,-0.0107342981 -0.0981322142 0.0982093316 -0.0105406423 530.9704935129 1625.9482282809,file:/nas3/data/M247514_Rorb_1/processed/deconvolveddata_new/Ribbon0000/Session0003/MBP/MBP_S0003_F0011_Z00.tif,103/prediction_LMmed_unpropped.tiff,file:/allen/aics/modeling/data/registration_test_data_v2/M247514_Rorb_1/EMraw/ribbon0000/M247514_Rorb_1_Ribbon0000_data/session_1836000179/Site 3/S_003_1329255459/Tile_r1-c1_S_003_132925_flip_flip.tif
8,0.0002718469 0.0974348063 -0.0972914607 0.0000511411 520.2909575968 1360.7464302611,0.0008390890 0.0980376104 -0.0978946568 0.0006161822 520.4801806320 1359.8021645960,file:/nas3/data/M247514_Rorb_1/processed/deconvolveddata_new/Ribbon0000/Session0003/MBP/MBP_S0003_F0013_Z00.tif,104/prediction_LMmed_unpropped.tiff,file:/allen/aics/modeling/data/registration_test_data_v2/M247514_Rorb_1/EMraw/ribbon0000/M247514_Rorb_1_Ribbon0000_take2_data/session_1348845486/Site 5/S_003_1021472391/Tile_r2-c2_S_003_102147_flip_flip.tif
9,-0.0106293690 -0.0983484707 0.0983335557 -0.0104810064 511.0932055154 1398.6649096490,-0.0107816144 -0.0982339388 0.0982192840 -0.0106333734 511.2703082200 1398.5556033763,file:/nas3/data/M247514_Rorb_1/processed/deconvolveddata_new/Ribbon0000/Session0003/MBP/MBP_S0003_F0011_Z00.tif,109/prediction_LMmed_unpropped.tiff,file:/allen/aics/modeling/data/registration_test_data_v2/M247514_Rorb_1/EMraw/ribbon0000/M247514_Rorb_1_Ribbon0000_data/session_1836000179/Site 3/S_003_1329255459/Tile_r1-c3_S_003_132925_flip_flip.tif
10,-0.0101094476 -0.0987499206 0.0985279973 -0.0105603541 293.4595103653 1426.7219957253,-0.0102734631 -0.0984040908 0.0981819982 -0.0107224393 293.8009284641 1426.1996508452,file:/nas3/data/M247514_Rorb_1/processed/deconvolveddata_new/Ribbon0000/Session0003/MBP/MBP_S0003_F0011_Z00.tif,110/prediction_LMmed_unpropped.tiff,file:/allen/aics/modeling/data/registration_test_data_v2/M247514_Rorb_1/EMraw/ribbon0000/M247514_Rorb_1_Ribbon0000_data/session_1836000179/Site 3/S_003_1329255459/Tile_r3-c3_S_003_132925_flip_flip.tif
11,-0.0101302915 -0.0982054711 0.0982451005 -0.0099595075 520.5511567137 1508.0068955869,-0.0105801377 -0.0985141593 0.0985546498 -0.0104089096 520.5117647983 1508.5639219989,file:/nas3/data/M247514_Rorb_1/processed/deconvolveddata_new/Ribbon0000/Session0003/MBP/MBP_S0003_F0011_Z00.tif,113/prediction_LMmed_unpropped.tiff,file:/allen/aics/modeling/data/registration_test_data_v2/M247514_Rorb_1/EMraw/ribbon0000/M247514_Rorb_1_Ribbon0000_data/session_1836000179/Site 3/S_003_1329255459/Tile_r1-c2_S_003_132925_flip_flip.tif
12,-0.0105138703 -0.0986554922 0.0986280872 -0.0103852666 551.5464239665 1504.6139849000,-0.0105208508 -0.0986620135 0.0986346146 -0.0103922360 551.4320004353 1504.4843560261,file:/nas3/data/M247514_Rorb_1/processed/deconvolveddata_new/Ribbon0000/Session0003/MBP/MBP_S0006_F0011_Z00.tif,201/prediction_LMmed_unpropped.tiff,file:/allen/aics/modeling/data/registration_test_data_v2/M247514_Rorb_1/EMraw/ribbon0000/M247514_Rorb_1_Ribbon0000_data/session_1836000179/Site 3/S_006_458731990/Tile_r1-c2_S_006_45873_flip_flip.tif
13,-0.0014692540 0.0974832782 -0.0972549699 -0.0014146133 230.9748901334 671.7616005047,-0.0018701750 0.0983114128 -0.0980813689 -0.0018141574 231.7539506721 671.1049933961,file:/nas3/data/M247514_Rorb_1/processed/deconvolveddata_new/Ribbon0000/Session0003/MBP/MBP_S0006_F0007_Z00.tif,205/prediction_LMmed_unpropped.tiff,file:/allen/aics/modeling/data/registration_test_data_v2/M247514_Rorb_1/EMraw/ribbon0000/M247514_Rorb_1_Ribbon0000_take2_data/session_1348845486/Site 4/S_006_1197749713/Tile_r1-c2_S_006_119774_flip_flip.tif
14,-0.0105017939 -0.0984968424 0.0984256400 -0.0103929709 541.9611764654 1396.8340784283,-0.0105640818 -0.0985427067 0.0984715294 -0.0104551605 541.8245332774 1396.7542768586,file:/nas3/data/M247514_Rorb_1/processed/deconvolveddata_new/Ribbon0000/Session0003/MBP/MBP_S0006_F0011_Z00.tif,206/prediction_LMmed_unpropped.tiff,file:/allen/aics/modeling/data/registration_test_data_v2/M247514_Rorb_1/EMraw/ribbon0000/M247514_Rorb_1_Ribbon0000_data/session_1836000179/Site 3/S_006_458731990/Tile_r1-c3_S_006_45873_flip_flip.tif
15,-0.0105240848 -0.0987832249 0.0986518728 -0.0102768477 337.4442407689 1530.0954350197,-0.0106788955 -0.0987087254 0.0985778524 -0.0104315880 337.5284423429 1530.2576842976,file:/nas3/data/M247514_Rorb_1/processed/deconvolveddata_new/Ribbon0000/Session0003/MBP/MBP_S0006_F0011_Z00.tif,207/prediction_LMmed_unpropped.tiff,file:/allen/aics/modeling/data/registration_test_data_v2/M247514_Rorb_1/EMraw/ribbon0000/M247514_Rorb_1_Ribbon0000_data/session_1836000179/Site 3/S_006_458731990/Tile_r3-c2_S_006_45873_flip_flip.tif
16,-0.0106140983 -0.0985757026 0.0984851607 -0.0104356411 441.9373227201 1511.7666930374,-0.0104316020 -0.0987255624 0.0986345468 -0.0102530921 441.5445029996 1511.8187713518,file:/nas3/data/M247514_Rorb_1/processed/deconvolveddata_new/Ribbon0000/Session0003/MBP/MBP_S0006_F0011_Z00.tif,208/prediction_LMmed_unpropped.tiff,file:/allen/aics/modeling/data/registration_test_data_v2/M247514_Rorb_1/EMraw/ribbon0000/M247514_Rorb_1_Ribbon0000_data/session_1836000179/Site 3/S_006_458731990/Tile_r2-c2_S_006_45873_flip_flip.tif
17,0.0026684641 0.0978313935 -0.0976894055 0.0024411697 514.4579950085 1365.3801779753,0.0025155691 0.0973497680 -0.0972081601 0.0022896052 513.9377044643 1365.8176544637,file:/nas3/data/M247514_Rorb_1/processed/deconvolveddata_new/Ribbon0000/Session0003/MBP/MBP_S0007_F0013_Z00.tif,210/prediction_LMmed_unpropped.tiff,file:/allen/aics/modeling/data/registration_test_data_v2/M247514_Rorb_1/EMraw/ribbon0000/M247514_Rorb_1_Ribbon0000_take2_data/session_1348845486/Site 5/S_007_773037341/Tile_r2-c2_S_007_77303_flip_flip.tif
18,0.0037937554 0.0975125598 -0.0966863524 0.0040343651 379.2345716451 1246.1740325894,0.0033626425 0.0974078014 -0.0965836742 0.0036065656 379.2954143457 1246.4166910237,file:/nas3/data/M247514_Rorb_1/processed/deconvolveddata_new/Ribbon0000/Session0003/MBP/MBP_S0010_F0013_Z00.tif,302/prediction_LMmed_unpropped.tiff,file:/allen/aics/modeling/data/registration_test_data_v2/M247514_Rorb_1/EMraw/ribbon0000/M247514_Rorb_1_Ribbon0000_take2_data/session_1348845486/Site 5/S_010_612851574/Tile_r1-c1_S_010_61285_flip_flip.tif
19,-0.0122990289 -0.0981379641 0.0980361523 -0.0121127993 450.2003094732 1622.2972107425,-0.0121747510 -0.0981420851 0.0980400518 -0.0119886703 449.9064560433 1622.1943470113,file:/nas3/data/M247514_Rorb_1/processed/deconvolveddata_new/Ribbon0000/Session0003/MBP/MBP_S0010_F0011_Z00.tif,305/prediction_LMmed_unpropped.tiff,file:/allen/aics/modeling/data/registration_test_data_v2/M247514_Rorb_1/EMraw/ribbon0000/M247514_Rorb_1_Ribbon0000_data/session_1836000179/Site 3/S_010_1650204923/Tile_r2-c1_S_010_165020_flip_flip.tif
20,-0.0117842351 -0.0985746851 0.0984317996 -0.0116152969 427.3565401295 1401.5400296221,-0.0120911258 -0.0985094926 0.0983671795 -0.0119217860 427.1773585457 1401.6980112197,file:/nas3/data/M247514_Rorb_1/processed/deconvolveddata_new/Ribbon0000/Session0003/MBP/MBP_S0010_F0011_Z00.tif,307/prediction_LMmed_unpropped.tiff,file:/allen/aics/modeling/data/registration_test_data_v2/M247514_Rorb_1/EMraw/ribbon0000/M247514_Rorb_1_Ribbon0000_data/session_1836000179/Site 3/S_010_1650204923/Tile_r2-c3_S_010_165020_flip_flip.tif
21,0.0042973919 0.0972763848 -0.0972175256 0.0040380500 514.4278517768 1378.8717193051,0.0042311772 0.0974010187 -0.0973418951 0.0039715547 514.2048546709 1378.7193426840,file:/nas3/data/M247514_Rorb_1/processed/deconvolveddata_new/Ribbon0000/Session0003/MBP/MBP_S0010_F0013_Z00.tif,308/prediction_LMmed_unpropped.tiff,file:/allen/aics/modeling/data/registration_test_data_v2/M247514_Rorb_1/EMraw/ribbon0000/M247514_Rorb_1_Ribbon0000_take2_data/session_1348845486/Site 5/S_010_612851574/Tile_r2-c2_S_010_61285_flip_flip.tif
22,0.0037274706 0.0973768988 -0.0971668949 0.0035859708 518.3187541298 1253.4107018264,0.0040227873 0.0975171684 -0.0973072588 0.0038804431 518.1249852031 1253.0862343319,file:/nas3/data/M247514_Rorb_1/processed/deconvolveddata_new/Ribbon0000/Session0003/MBP/MBP_S0010_F0013_Z00.tif,313/prediction_LMmed_unpropped.tiff,file:/allen/aics/modeling/data/registration_test_data_v2/M247514_Rorb_1/EMraw/ribbon0000/M247514_Rorb_1_Ribbon0000_take2_data/session_1348845486/Site 5/S_010_612851574/Tile_r2-c1_S_010_61285_flip_flip.tif
23,-0.0325294647 -0.0918478877 0.0915029729 -0.0326953347 69.9293285798 1201.9432226958,-0.0322089955 -0.0932793240 0.0929313394 -0.0323797412 68.3093157725 1202.4394191993,file:/nas3/data/M247514_Rorb_1/processed/deconvolveddata_new/Ribbon0000/Session0003/MBP/MBP_S0010_F0005_Z00.tif,315/prediction_LMmed_unpropped.tiff,file:/allen/aics/modeling/data/registration_test_data_v2/M247514_Rorb_1/EMraw/ribbon0000/M247514_Rorb_1_Ribbon0000_take3_data/session_1840855416/Site 4/S_010_1558068875/Tile_r3-c1_S_010_155806_flip_flip.tif
24,-0.0136268002 -0.0977994625 0.0978140696 -0.0134842641 554.4191420979 1578.7532766011,-0.0136158993 -0.0977853728 0.0977999649 -0.0134733842 554.2371687641 1578.6143102205,file:/nas3/data/M247514_Rorb_1/processed/deconvolveddata_new/Ribbon0000/Session0003/MBP/MBP_S0013_F0015_Z00.tif,402/prediction_LMmed_unpropped.tiff,file:/allen/aics/modeling/data/registration_test_data_v2/M247514_Rorb_1/EMraw/ribbon0000/M247514_Rorb_1_Ribbon0000_data/session_1836000179/Site 3/S_013_1465620313/Tile_r1-c1_S_013_146562_flip_flip.tif
25,-0.0132814323 -0.0981238683 0.0979840470 -0.0131655953 420.6880421532 1367.1405003969,-0.0133590158 -0.0982393465 0.0980994208 -0.0132429460 420.5136250001 1367.4401977614,file:/nas3/data/M247514_Rorb_1/processed/deconvolveddata_new/Ribbon0000/Session0003/MBP/MBP_S0013_F0015_Z00.tif,403/prediction_LMmed_unpropped.tiff,file:/allen/aics/modeling/data/registration_test_data_v2/M247514_Rorb_1/EMraw/ribbon0000/M247514_Rorb_1_Ribbon0000_data/session_1836000179/Site 3/S_013_1465620313/Tile_r2-c3_S_013_146562_flip_flip.tif
26,-0.0138157478 -0.0980333432 0.0980080581 -0.0137091351 531.1339286795 1351.7635756128,-0.0135448765 -0.0977609060 0.0977354516 -0.0134386539 530.7851624139 1351.2387407268,file:/nas3/data/M247514_Rorb_1/processed/deconvolveddata_new/Ribbon0000/Session0003/MBP/MBP_S0013_F0015_Z00.tif,405/prediction_LMmed_unpropped.tiff,file:/allen/aics/modeling/data/registration_test_data_v2/M247514_Rorb_1/EMraw/ribbon0000/M247514_Rorb_1_Ribbon0000_data/session_1836000179/Site 3/S_013_1465620313/Tile_r1-c3_S_013_146562_flip_flip.tif
27,0.0060016450 0.0974123568 -0.0972086405 0.0057891948 479.2428441440 1383.7784037786,0.0061289750 0.0973810931 -0.0971777064 0.0059163064 479.1150036543 1383.6348767126,file:/nas3/data/M247514_Rorb_1/processed/deconvolveddata_new/Ribbon0000/Session0003/MBP/MBP_S0013_F0010_Z00.tif,409/prediction_LMmed_unpropped.tiff,file:/allen/aics/modeling/data/registration_test_data_v2/M247514_Rorb_1/EMraw/ribbon0000/M247514_Rorb_1_Ribbon0000_take2_data/session_1348845486/Site 5/S_013_498536366/Tile_r2-c2_S_013_49853_flip_flip.tif
28,-0.0135112434 -0.0980817024 0.0980327870 -0.0133947265 543.8015396789 1474.5617433747,-0.0137082004 -0.0980227155 0.0979740547 -0.0135916202 543.7440403884 1474.5761895005,file:/nas3/data/M247514_Rorb_1/processed/deconvolveddata_new/Ribbon0000/Session0003/MBP/MBP_S0013_F0015_Z00.tif,411/prediction_LMmed_unpropped.tiff,file:/allen/aics/modeling/data/registration_test_data_v2/M247514_Rorb_1/EMraw/ribbon0000/M247514_Rorb_1_Ribbon0000_data/session_1836000179/Site 3/S_013_1465620313/Tile_r1-c2_S_013_146562_flip_flip.tif
29,-0.0138776000 -0.0978598625 0.0977238640 -0.0136504152 309.8249625680 1396.7389931335,-0.0143189861 -0.0979297356 0.0977945386 -0.0140909120 310.0713086153 1397.0104213217,file:/nas3/data/M247514_Rorb_1/processed/deconvolveddata_new/Ribbon0000/Session0003/MBP/MBP_S0013_F0015_Z00.tif,412/prediction_LMmed_unpropped.tiff,file:/allen/aics/modeling/data/registration_test_data_v2/M247514_Rorb_1/EMraw/ribbon0000/M247514_Rorb_1_Ribbon0000_data/session_1836000179/Site 3/S_013_1465620313/Tile_r3-c3_S_013_146562_flip_flip.tif
30,-0.0160170751 -0.0970875510 0.0970446863 -0.0159091650 533.0863717333 1351.9363208088,-0.0162556087 -0.0972927313 0.0972499830 -0.0161473461 532.9951521182 1352.0143621161,file:/nas3/data/M247514_Rorb_1/processed/deconvolveddata_new/Ribbon0000/Session0003/MBP/MBP_S0016_F0015_Z00.tif,501/prediction_LMmed_unpropped.tiff,file:/allen/aics/modeling/data/registration_test_data_v2/M247514_Rorb_1/EMraw/ribbon0000/M247514_Rorb_1_Ribbon0000_data/session_1836000179/Site 3/S_016_1045181697/Tile_r1-c3_S_016_104518_flip_flip.tif
31,0.0075412328 0.0972073824 -0.0970890249 0.0073140839 517.0837800762 1277.4074363985,0.0077702355 0.0968656853 -0.0967483133 0.0075435297 516.7740999346 1277.4798278116,file:/nas3/data/M247514_Rorb_1/processed/deconvolveddata_new/Ribbon0000/Session0003/MBP/MBP_S0016_F0010_Z00.tif,504/prediction_LMmed_unpropped.tiff,file:/allen/aics/modeling/data/registration_test_data_v2/M247514_Rorb_1/EMraw/ribbon0000/M247514_Rorb_1_Ribbon0000_take2_data/session_1348845486/Site 5/S_016_626332290/Tile_r2-c1_S_016_62633_flip_flip.tif
32,-0.0160204384 -0.0977603826 0.0977052626 -0.0158440713 414.6766544210 1368.1988548607,-0.0161445745 -0.0978858580 0.0978308400 -0.0159678944 414.4301556915 1368.5020704517,file:/nas3/data/M247514_Rorb_1/processed/deconvolveddata_new/Ribbon0000/Session0003/MBP/MBP_S0016_F0015_Z00.tif,505/prediction_LMmed_unpropped.tiff,file:/allen/aics/modeling/data/registration_test_data_v2/M247514_Rorb_1/EMraw/ribbon0000/M247514_Rorb_1_Ribbon0000_data/session_1836000179/Site 3/S_016_1045181697/Tile_r2-c3_S_016_104518_flip_flip.tif
33,0.0069768303 0.0975902115 -0.0968726062 0.0074947154 387.1720239653 1272.0033255355,0.0072357506 0.0973527149 -0.0966352550 0.0077504611 386.6237136858 1272.2282677636,file:/nas3/data/M247514_Rorb_1/processed/deconvolveddata_new/Ribbon0000/Session0003/MBP/MBP_S0016_F0010_Z00.tif,506/prediction_LMmed_unpropped.tiff,file:/allen/aics/modeling/data/registration_test_data_v2/M247514_Rorb_1/EMraw/ribbon0000/M247514_Rorb_1_Ribbon0000_take2_data/session_1348845486/Site 5/S_016_626332290/Tile_r1-c1_S_016_62633_flip_flip.tif
34,0.0041907099 0.0973520949 -0.0971294238 0.0042913621 383.2805868117 708.8741306880,0.0044652357 0.0973961394 -0.0971730595 0.0045653232 382.9826031242 708.5488876680,file:/nas3/data/M247514_Rorb_1/processed/deconvolveddata_new/Ribbon0000/Session0003/MBP/MBP_S0016_F0008_Z00.tif,507/prediction_LMmed_unpropped.tiff,file:/allen/aics/modeling/data/registration_test_data_v2/M247514_Rorb_1/EMraw/ribbon0000/M247514_Rorb_1_Ribbon0000_take2_data/session_1348845486/Site 4/S_016_673357884/Tile_r2-c2_S_016_67335_flip_flip.tif
35,0.0072795973 0.0973396026 -0.0968197617 0.0080007437 395.4956692772 1418.0068409911,0.0076593974 0.0975678184 -0.0970439422 0.0083805080 395.2540035738 1417.6507041409,file:/nas3/data/M247514_Rorb_1/processed/deconvolveddata_new/Ribbon0000/Session0003/MBP/MBP_S0016_F0010_Z00.tif,509/prediction_LMmed_unpropped.tiff,file:/allen/aics/modeling/data/registration_test_data_v2/M247514_Rorb_1/EMraw/ribbon0000/M247514_Rorb_1_Ribbon0000_take2_data/session_1348845486/Site 5/S_016_626332290/Tile_r1-c2_S_016_62633_flip_flip.tif
36,-0.0180443355 -0.0971768704 0.0971507640 -0.0179197843 610.7384471614 1552.5372110779,-0.0187657616 -0.0969208293 0.0968957074 -0.0186411619 611.3860808892 1552.7712601622,file:/nas3/data/M247514_Rorb_1/processed/deconvolveddata_new/Ribbon0000/Session0003/MBP/MBP_S0020_F0015_Z00.tif,603/prediction_LMmed_unpropped.tiff,file:/allen/aics/modeling/data/registration_test_data_v2/M247514_Rorb_1/EMraw/ribbon0000/M247514_Rorb_1_Ribbon0000_data/session_1836000179/Site 3/S_020_1098931921/Tile_r1-c1_S_020_109893_flip_flip.tif
37,-0.0179304487 -0.0970868980 0.0970022841 -0.0178599460 578.3194282625 1322.0834106190,-0.0183672637 -0.0968268578 0.0967427355 -0.0182964784 578.6306171080 1322.0671983777,file:/nas3/data/M247514_Rorb_1/processed/deconvolveddata_new/Ribbon0000/Session0003/MBP/MBP_S0020_F0015_Z00.tif,605/prediction_LMmed_unpropped.tiff,file:/allen/aics/modeling/data/registration_test_data_v2/M247514_Rorb_1/EMraw/ribbon0000/M247514_Rorb_1_Ribbon0000_data/session_1836000179/Site 3/S_020_1098931921/Tile_r1-c3_S_020_109893_flip_flip.tif
38,-0.0184125205 -0.0973234950 0.0972759795 -0.0182405322 499.4405051438 1574.6644697863,-0.0180465567 -0.0971297268 0.0970817733 -0.0178751723 498.8884909436 1574.1758011179,file:/nas3/data/M247514_Rorb_1/processed/deconvolveddata_new/Ribbon0000/Session0003/MBP/MBP_S0020_F0015_Z00.tif,606/prediction_LMmed_unpropped.tiff,file:/allen/aics/modeling/data/registration_test_data_v2/M247514_Rorb_1/EMraw/ribbon0000/M247514_Rorb_1_Ribbon0000_data/session_1836000179/Site 3/S_020_1098931921/Tile_r2-c1_S_020_109893_flip_flip.tif
39,0.0063160701 0.0971002925 -0.0968748912 0.0064185020 336.6719853708 728.2515167036,0.0064506477 0.0974731233 -0.0972467240 0.0065532254 336.8269258156 727.7932719754,file:/nas3/data/M247514_Rorb_1/processed/deconvolveddata_new/Ribbon0000/Session0003/MBP/MBP_S0020_F0008_Z00.tif,607/prediction_LMmed_unpropped.tiff,file:/allen/aics/modeling/data/registration_test_data_v2/M247514_Rorb_1/EMraw/ribbon0000/M247514_Rorb_1_Ribbon0000_take2_data/session_1348845486/Site 4/S_020_6366909/Tile_r2-c2_S_020_636_flip_flip.tif
40,-0.0180845915 -0.0977875838 0.0976325502 -0.0178915578 398.3160400568 1594.8076419560,-0.0187936048 -0.0977688227 0.0976149768 -0.0185992644 398.2881663537 1595.2441705752,file:/nas3/data/M247514_Rorb_1/processed/deconvolveddata_new/Ribbon0000/Session0003/MBP/MBP_S0020_F0015_Z00.tif,608/prediction_LMmed_unpropped.tiff,file:/allen/aics/modeling/data/registration_test_data_v2/M247514_Rorb_1/EMraw/ribbon0000/M247514_Rorb_1_Ribbon0000_data/session_1836000179/Site 3/S_020_1098931921/Tile_r3-c1_S_020_109893_flip_flip.tif
41,0.0095615063 0.0968346350 -0.0967445107 0.0093553971 569.9588240265 1393.0142403452,0.0094569359 0.0965731316 -0.0964830918 0.0092514723 569.7061645335 1393.1202475822,file:/nas3/data/M247514_Rorb_1/processed/deconvolveddata_new/Ribbon0000/Session0003/MBP/MBP_S0020_F0010_Z00.tif,610/prediction_LMmed_unpropped.tiff,file:/allen/aics/modeling/data/registration_test_data_v2/M247514_Rorb_1/EMraw/ribbon0000/M247514_Rorb_1_Ribbon0000_take2_data/session_1348845486/Site 5/S_020_489481448/Tile_r2-c2_S_020_48948_flip_flip.tif
42,0.0080918518 0.0973644109 -0.0971476882 0.0079680212 192.9838684756 735.0423354943,0.0069259101 0.0974860987 -0.0972678358 0.0068046481 193.8407433108 735.3093975017,file:/nas3/data/M247514_Rorb_1/processed/deconvolveddata_new/Ribbon0000/Session0003/MBP/MBP_S0023_F0008_Z00.tif,701/prediction_LMmed_unpropped.tiff,file:/allen/aics/modeling/data/registration_test_data_v2/M247514_Rorb_1/EMraw/ribbon0000/M247514_Rorb_1_Ribbon0000_take2_data/session_1348845486/Site 4/S_023_1872433814/Tile_r1-c2_S_023_187243_flip_flip.tif
43,-0.0183090306 -0.0975804069 0.0974550952 -0.0180916631 399.3926923478 1588.4850414133,-0.0182056042 -0.0976519317 0.0975263039 -0.0179882695 399.2374884911 1588.7409779579,file:/nas3/data/M247514_Rorb_1/processed/deconvolveddata_new/Ribbon0000/Session0003/MBP/MBP_S0023_F0015_Z00.tif,703/prediction_LMmed_unpropped.tiff,file:/allen/aics/modeling/data/registration_test_data_v2/M247514_Rorb_1/EMraw/ribbon0000/M247514_Rorb_1_Ribbon0000_data/session_1836000179/Site 3/S_023_1171667608/Tile_r3-c1_S_023_117166_flip_flip.tif
44,-0.0176972038 -0.0973146548 0.0972050117 -0.0175596099 472.2839573668 1332.8541421163,-0.0180108857 -0.0977658214 0.0976559410 -0.0178723436 471.6532990831 1333.5953799280,file:/nas3/data/M247514_Rorb_1/processed/deconvolveddata_new/Ribbon0000/Session0003/MBP/MBP_S0023_F0015_Z00.tif,706/prediction_LMmed_unpropped.tiff,file:/allen/aics/modeling/data/registration_test_data_v2/M247514_Rorb_1/EMraw/ribbon0000/M247514_Rorb_1_Ribbon0000_data/session_1836000179/Site 3/S_023_1171667608/Tile_r2-c3_S_023_117166_flip_flip.tif
45,0.0074718283 0.0970647936 -0.0968447202 0.0075862561 330.1124587848 727.8801950193,0.0073439236 0.0973291237 -0.0971086505 0.0074589838 330.3207242863 727.7914693424,file:/nas3/data/M247514_Rorb_1/processed/deconvolveddata_new/Ribbon0000/Session0003/MBP/MBP_S0023_F0008_Z00.tif,707/prediction_LMmed_unpropped.tiff,file:/allen/aics/modeling/data/registration_test_data_v2/M247514_Rorb_1/EMraw/ribbon0000/M247514_Rorb_1_Ribbon0000_take2_data/session_1348845486/Site 4/S_023_1872433814/Tile_r2-c2_S_023_187243_flip_flip.tif
46,0.0106670671 0.0969183547 -0.0967641243 0.0105148116 570.7475896938 1262.2372925534,0.0100871349 0.0964878476 -0.0963335679 0.0099364840 570.2133660559 1262.9578993834,file:/nas3/data/M247514_Rorb_1/processed/deconvolveddata_new/Ribbon0000/Session0003/MBP/MBP_S0023_F0010_Z00.tif,708/prediction_LMmed_unpropped.tiff,file:/allen/aics/modeling/data/registration_test_data_v2/M247514_Rorb_1/EMraw/ribbon0000/M247514_Rorb_1_Ribbon0000_take2_data/session_1348845486/Site 5/S_023_911593877/Tile_r2-c1_S_023_91159_flip_flip.tif
47,-0.0180964562 -0.0967085463 0.0966935787 -0.0179163627 503.5533455409 1560.6870147876,-0.0182627323 -0.0973813199 0.0973663197 -0.0180813663 503.1432540500 1561.3739948066,file:/nas3/data/M247514_Rorb_1/processed/deconvolveddata_new/Ribbon0000/Session0003/MBP/MBP_S0023_F0015_Z00.tif,710/prediction_LMmed_unpropped.tiff,file:/allen/aics/modeling/data/registration_test_data_v2/M247514_Rorb_1/EMraw/ribbon0000/M247514_Rorb_1_Ribbon0000_data/session_1836000179/Site 3/S_023_1171667608/Tile_r2-c1_S_023_117166_flip_flip.tif
48,-0.0182888542 -0.0972046760 0.0971367996 -0.0182102150 586.7693310948 1311.4627100697,-0.0180883377 -0.0974370628 0.0973688644 -0.0180097112 586.3407399489 1311.5145976645,file:/nas3/data/M247514_Rorb_1/processed/deconvolveddata_new/Ribbon0000/Session0003/MBP/MBP_S0026_F0015_Z00.tif,801/prediction_LMmed_unpropped.tiff,file:/allen/aics/modeling/data/registration_test_data_v2/M247514_Rorb_1/EMraw/ribbon0000/M247514_Rorb_1_Ribbon0000_data/session_1836000179/Site 3/S_026_1336251650/Tile_r1-c3_S_026_133625_flip_flip.tif
49,-0.0185637966 -0.0971634657 0.0970894402 -0.0184034702 489.8840873433 1432.7266486211,-0.0182619830 -0.0971563816 0.0970819254 -0.0181019806 489.7469157492 1432.6489719204,file:/nas3/data/M247514_Rorb_1/processed/deconvolveddata_new/Ribbon0000/Session0003/MBP/MBP_S0026_F0015_Z00.tif,802/prediction_LMmed_unpropped.tiff,file:/allen/aics/modeling/data/registration_test_data_v2/M247514_Rorb_1/EMraw/ribbon0000/M247514_Rorb_1_Ribbon0000_data/session_1836000179/Site 3/S_026_1336251650/Tile_r2-c2_S_026_133625_flip_flip.tif
50,-0.0181146370 -0.0971919932 0.0970898613 -0.0179873901 511.0636380172 1547.4649429650,-0.0180834943 -0.0967813510 0.0966796995 -0.0179567282 511.1285730105 1547.2317582814,file:/nas3/data/M247514_Rorb_1/processed/deconvolveddata_new/Ribbon0000/Session0003/MBP/MBP_S0026_F0015_Z00.tif,803/prediction_LMmed_unpropped.tiff,file:/allen/aics/modeling/data/registration_test_data_v2/M247514_Rorb_1/EMraw/ribbon0000/M247514_Rorb_1_Ribbon0000_data/session_1836000179/Site 3/S_026_1336251650/Tile_r2-c1_S_026_133625_flip_flip.tif
51,-0.0377743469 -0.0881295962 0.0879556292 -0.0382009704 86.6246825676 1097.5322622032,-0.0373676599 -0.0878054175 0.0876333767 -0.0377926913 86.2697442821 1097.2667945384,file:/nas3/data/M247514_Rorb_1/processed/deconvolveddata_new/Ribbon0000/Session0003/MBP/MBP_S0026_F0013_Z00.tif,808/prediction_LMmed_unpropped.tiff,file:/allen/aics/modeling/data/registration_test_data_v2/M247514_Rorb_1/EMraw/ribbon0000/M247514_Rorb_1_Ribbon0000_take3_data/session_1840855416/Site 4/S_026_1816811888/Tile_r2-c1_S_026_181681_flip_flip.tif
52,-0.0375481067 -0.0870093493 0.0869265802 -0.0387776036 81.7937074194 1071.2545505674,-0.0373329739 -0.0873910860 0.0873126103 -0.0385662168 80.9462246465 1070.8031253201,file:/nas3/data/M247514_Rorb_1/processed/deconvolveddata_new/Ribbon0000/Session0003/MBP/MBP_S0027_F0013_Z00.tif,811/prediction_LMmed_unpropped.tiff,file:/allen/aics/modeling/data/registration_test_data_v2/M247514_Rorb_1/EMraw/ribbon0000/M247514_Rorb_1_Ribbon0000_take3_data/session_1840855416/Site 4/S_027_1192887092/Tile_r2-c1_S_027_119288_flip_flip.tif
53,0.0110847086 0.0966915016 -0.0965953257 0.0108130351 483.2976183275 1405.5199577547,0.0109988875 0.0971553929 -0.0970583857 0.0107260913 483.3686426697 1405.2432749858,file:/nas3/data/M247514_Rorb_1/processed/deconvolveddata_new/Ribbon0000/Session0003/MBP/MBP_S0027_F0010_Z00.tif,812/prediction_LMmed_unpropped.tiff,file:/allen/aics/modeling/data/registration_test_data_v2/M247514_Rorb_1/EMraw/ribbon0000/M247514_Rorb_1_Ribbon0000_take2_data/session_1348845486/Site 5/S_027_1006944448/Tile_r1-c2_S_027_100694_flip_flip.tif
54,0.0110169996 0.0967188897 -0.0966257320 0.0107851938 534.7501938763 1404.2672233610,0.0110554845 0.0967559115 -0.0966627956 0.0108235482 534.8767983918 1404.1526406370,file:/nas3/data/M247514_Rorb_1/processed/deconvolveddata_new/Ribbon0000/Session0003/MBP/MBP_S0030_F0013_Z00.tif,902/prediction_LMmed_unpropped.tiff,file:/allen/aics/modeling/data/registration_test_data_v2/M247514_Rorb_1/EMraw/ribbon0000/M247514_Rorb_1_Ribbon0000_take2_data/session_1348845486/Site 5/S_030_742476301/Tile_r2-c2_S_030_74247_flip_flip.tif
55,0.0086397432 0.0976116890 -0.0973800551 0.0085241076 213.6869050003 756.2447220742,0.0091096096 0.0978412451 -0.0976095012 0.0089925968 213.2333377811 755.9229677253,file:/nas3/data/M247514_Rorb_1/processed/deconvolveddata_new/Ribbon0000/Session0003/MBP/MBP_S0030_F0007_Z00.tif,903/prediction_LMmed_unpropped.tiff,file:/allen/aics/modeling/data/registration_test_data_v2/M247514_Rorb_1/EMraw/ribbon0000/M247514_Rorb_1_Ribbon0000_take2_data/session_1348845486/Site 4/S_030_1302592206/Tile_r1-c2_S_030_130259_flip_flip.tif
56,-0.0196363410 -0.0970373203 0.0968599690 -0.0195400498 454.6252125670 1427.2572485778,-0.0194299590 -0.0969837409 0.0968063706 -0.0193341019 454.3806220246 1427.1424392797,file:/nas3/data/M247514_Rorb_1/processed/deconvolveddata_new/Ribbon0000/Session0003/MBP/MBP_S0030_F0011_Z00.tif,906/prediction_LMmed_unpropped.tiff,file:/allen/aics/modeling/data/registration_test_data_v2/M247514_Rorb_1/EMraw/ribbon0000/M247514_Rorb_1_Ribbon0000_data/session_1836000179/Site 3/S_030_1475303984/Tile_r2-c2_S_030_147530_flip_flip.tif
57,-0.0197732507 -0.0969671400 0.0969285961 -0.0196528551 572.7848598812 1412.6027246443,-0.0197223304 -0.0972131103 0.0971743560 -0.0196016926 572.3478168289 1412.7116977799,file:/nas3/data/M247514_Rorb_1/processed/deconvolveddata_new/Ribbon0000/Session0003/MBP/MBP_S0030_F0011_Z00.tif,909/prediction_LMmed_unpropped.tiff,file:/allen/aics/modeling/data/registration_test_data_v2/M247514_Rorb_1/EMraw/ribbon0000/M247514_Rorb_1_Ribbon0000_data/session_1836000179/Site 3/S_030_1475303984/Tile_r1-c2_S_030_147530_flip_flip.tif
58,-0.0200392881 -0.0973937608 0.0973131802 -0.0197893134 379.3416816929 1575.0866862223,-0.0201078048 -0.0969482651 0.0968684214 -0.0198587652 379.4919468853 1574.7058430660,file:/nas3/data/M247514_Rorb_1/processed/deconvolveddata_new/Ribbon0000/Session0003/MBP/MBP_S0030_F0011_Z00.tif,910/prediction_LMmed_unpropped.tiff,file:/allen/aics/modeling/data/registration_test_data_v2/M247514_Rorb_1/EMraw/ribbon0000/M247514_Rorb_1_Ribbon0000_data/session_1836000179/Site 3/S_030_1475303984/Tile_r3-c1_S_030_147530_flip_flip.tif
59,-0.0193621816 -0.0967301001 0.0966665971 -0.0192502097 587.5484998445 1518.1794411349,-0.0202585341 -0.0965189718 0.0964565335 -0.0201460050 588.3040731347 1518.6594592876,file:/nas3/data/M247514_Rorb_1/processed/deconvolveddata_new/Ribbon0000/Session0003/MBP/MBP_S0030_F0011_Z00.tif,911/prediction_LMmed_unpropped.tiff,file:/allen/aics/modeling/data/registration_test_data_v2/M247514_Rorb_1/EMraw/ribbon0000/M247514_Rorb_1_Ribbon0000_data/session_1836000179/Site 3/S_030_1475303984/Tile_r1-c1_S_030_147530_flip_flip.tif
60,-0.0197851708 -0.0968756486 0.0966858485 -0.0195969319 346.0645051683 1357.1200562151,-0.0195224527 -0.0970636042 0.0968729899 -0.0193345296 345.6821133446 1356.9299191279,file:/nas3/data/M247514_Rorb_1/processed/deconvolveddata_new/Ribbon0000/Session0003/MBP/MBP_S0033_F0011_Z00.tif,1001/prediction_LMmed_unpropped.tiff,file:/allen/aics/modeling/data/registration_test_data_v2/M247514_Rorb_1/EMraw/ribbon0000/M247514_Rorb_1_Ribbon0000_data/session_1836000179/Site 3/S_033_1114907194/Tile_r3-c3_S_033_111490_flip_flip.tif
61,-0.0199020978 -0.0967952476 0.0967155745 -0.0196478269 385.4237429155 1571.9408467046,-0.0200264194 -0.0971552626 0.0970754118 -0.0197711370 385.1681140007 1572.3601609927,file:/nas3/data/M247514_Rorb_1/processed/deconvolveddata_new/Ribbon0000/Session0003/MBP/MBP_S0033_F0011_Z00.tif,1003/prediction_LMmed_unpropped.tiff,file:/allen/aics/modeling/data/registration_test_data_v2/M247514_Rorb_1/EMraw/ribbon0000/M247514_Rorb_1_Ribbon0000_data/session_1836000179/Site 3/S_033_1114907194/Tile_r3-c1_S_033_111490_flip_flip.tif
62,-0.0196527664 -0.0967964954 0.0968295399 -0.0195125037 611.2255669333 1523.8942096656,-0.0196093396 -0.0971575215 0.0971905189 -0.0194685485 610.8522215653 1524.2860203579,file:/nas3/data/M247514_Rorb_1/processed/deconvolveddata_new/Ribbon0000/Session0003/MBP/MBP_S0033_F0011_Z00.tif,1004/prediction_LMmed_unpropped.tiff,file:/allen/aics/modeling/data/registration_test_data_v2/M247514_Rorb_1/EMraw/ribbon0000/M247514_Rorb_1_Ribbon0000_data/session_1836000179/Site 3/S_033_1114907194/Tile_r1-c1_S_033_111490_flip_flip.tif
63,0.0115368575 0.0967711245 -0.0959404911 0.0118398332 419.2864433510 1434.8235420756,0.0114986921 0.0970254652 -0.0961929292 0.0118030184 419.3002503029 1434.7639901512,file:/nas3/data/M247514_Rorb_1/processed/deconvolveddata_new/Ribbon0000/Session0003/MBP/MBP_S0033_F0013_Z00.tif,1007/prediction_LMmed_unpropped.tiff,file:/allen/aics/modeling/data/registration_test_data_v2/M247514_Rorb_1/EMraw/ribbon0000/M247514_Rorb_1_Ribbon0000_take2_data/session_1348845486/Site 5/S_033_2078107364/Tile_r1-c2_S_033_207810_flip_flip.tif
64,0.0116853201 0.0963397970 -0.0963064571 0.0114425564 540.9224800391 1419.3629744843,0.0108061183 0.0969957638 -0.0969598556 0.0105623174 541.7628869640 1419.2511875077,file:/nas3/data/M247514_Rorb_1/processed/deconvolveddata_new/Ribbon0000/Session0003/MBP/MBP_S0033_F0013_Z00.tif,1008/prediction_LMmed_unpropped.tiff,file:/allen/aics/modeling/data/registration_test_data_v2/M247514_Rorb_1/EMraw/ribbon0000/M247514_Rorb_1_Ribbon0000_take2_data/session_1348845486/Site 5/S_033_2078107364/Tile_r2-c2_S_033_207810_flip_flip.tif
65,-0.0199409200 -0.0974401272 0.0973063809 -0.0197017299 366.0599972532 1473.2923544096,-0.0199082394 -0.0974676181 0.0973337542 -0.0196690507 365.6798395811 1473.3803411217,file:/nas3/data/M247514_Rorb_1/processed/deconvolveddata_new/Ribbon0000/Session0003/MBP/MBP_S0033_F0011_Z00.tif,1010/prediction_LMmed_unpropped.tiff,file:/allen/aics/modeling/data/registration_test_data_v2/M247514_Rorb_1/EMraw/ribbon0000/M247514_Rorb_1_Ribbon0000_data/session_1836000179/Site 3/S_033_1114907194/Tile_r3-c2_S_033_111490_flip_flip.tif
66,0.0116646720 0.0970087590 -0.0968175315 0.0115214985 543.3033272812 1284.0000401785,0.0118319450 0.0968432619 -0.0966525892 0.0116886193 542.9317065267 1283.8758960028,file:/nas3/data/M247514_Rorb_1/processed/deconvolveddata_new/Ribbon0000/Session0003/MBP/MBP_S0036_F0013_Z00.tif,1101/prediction_LMmed_unpropped.tiff,file:/allen/aics/modeling/data/registration_test_data_v2/M247514_Rorb_1/EMraw/ribbon0000/M247514_Rorb_1_Ribbon0000_take2_data/session_1348845486/Site 5/S_036_485251815/Tile_r2-c1_S_036_48525_flip_flip.tif
67,-0.0200790701 -0.0972815784 0.0971149003 -0.0198506368 318.2514920847 1364.8346219961,-0.0199351717 -0.0973106629 0.0971436483 -0.0197069863 318.2022466515 1364.7417812710,file:/nas3/data/M247514_Rorb_1/processed/deconvolveddata_new/Ribbon0000/Session0003/MBP/MBP_S0036_F0011_Z00.tif,1102/prediction_LMmed_unpropped.tiff,file:/allen/aics/modeling/data/registration_test_data_v2/M247514_Rorb_1/EMraw/ribbon0000/M247514_Rorb_1_Ribbon0000_data/session_1836000179/Site 3/S_036_709177566/Tile_r3-c3_S_036_70917_flip_flip.tif
68,-0.0198611278 -0.0967792639 0.0967547601 -0.0197106873 572.9978368858 1533.0448052054,-0.0196264695 -0.0972533330 0.0972282305 -0.0194754742 572.5923290074 1533.4527649097,file:/nas3/data/M247514_Rorb_1/processed/deconvolveddata_new/Ribbon0000/Session0003/MBP/MBP_S0036_F0011_Z00.tif,1105/prediction_LMmed_unpropped.tiff,file:/allen/aics/modeling/data/registration_test_data_v2/M247514_Rorb_1/EMraw/ribbon0000/M247514_Rorb_1_Ribbon0000_data/session_1836000179/Site 3/S_036_709177566/Tile_r1-c1_S_036_70917_flip_flip.tif
69,-0.0197464646 -0.0967855594 0.0966822919 -0.0195691714 448.4310348049 1447.0315802512,-0.0191356712 -0.0969801912 0.0968757080 -0.0189589212 447.6503103291 1446.7394917928,file:/nas3/data/M247514_Rorb_1/processed/deconvolveddata_new/Ribbon0000/Session0003/MBP/MBP_S0036_F0011_Z00.tif,1107/prediction_LMmed_unpropped.tiff,file:/allen/aics/modeling/data/registration_test_data_v2/M247514_Rorb_1/EMraw/ribbon0000/M247514_Rorb_1_Ribbon0000_data/session_1836000179/Site 3/S_036_709177566/Tile_r2-c2_S_036_70917_flip_flip.tif
70,-0.0197272163 -0.0975314365 0.0974258624 -0.0194670217 361.1417213336 1575.3523043768,-0.020103230160107732 -0.09733920279081045 0.09723481286352404 -0.01984290189394451 361.6086314066957 1575.8299524954991,file:/nas3/data/M247514_Rorb_1/processed/deconvolveddata_new/Ribbon0000/Session0003/MBP/MBP_S0036_F0011_Z00.tif,1108/prediction_LMmed_unpropped.tiff,file:/allen/aics/modeling/data/registration_test_data_v2/M247514_Rorb_1/EMraw/ribbon0000/M247514_Rorb_1_Ribbon0000_data/session_1836000179/Site 3/S_036_709177566/Tile_r3-c1_S_036_70917_flip_flip.tif
71,-0.0198079068 -0.0974243031 0.0972625898 -0.0195888343 398.3975374234 1589.5931564289,-0.0194839588 -0.0975573654 0.0973947871 -0.0192653007 397.9879921398 1589.5614561620,file:/nas3/data/M247514_Rorb_1/processed/deconvolveddata_new/Ribbon0000/Session0003/MBP/MBP_S0037_F0015_Z00.tif,1111/prediction_LMmed_unpropped.tiff,file:/allen/aics/modeling/data/registration_test_data_v2/M247514_Rorb_1/EMraw/ribbon0000/M247514_Rorb_1_Ribbon0000_data/session_1836000179/Site 3/S_037_2072030808/Tile_r3-c1_S_037_207203_flip_flip.tif
72,-0.0198722952 -0.0972589214 0.0971618586 -0.0196623301 458.5150972195 1348.8700628963,-0.0193988703 -0.0970507859 0.0969531222 -0.0191899498 458.3433934253 1348.2202904887,file:/nas3/data/M247514_Rorb_1/processed/deconvolveddata_new/Ribbon0000/Session0003/MBP/MBP_S0040_F0015_Z00.tif,1202/prediction_LMmed_unpropped.tiff,file:/allen/aics/modeling/data/registration_test_data_v2/M247514_Rorb_1/EMraw/ribbon0000/M247514_Rorb_1_Ribbon0000_data/session_1836000179/Site 3/S_040_1517142915/Tile_r2-c3_S_040_151714_flip_flip.tif
73,-0.0376044957 -0.0887297421 0.0885285436 -0.0377726069 1610.4161669281 1147.0944282681,-0.0375828584 -0.0886621963 0.0884611341 -0.0377508329 1610.5690474322 1147.3293379339,file:/nas3/data/M247514_Rorb_1/processed/deconvolveddata_new/Ribbon0000/Session0003/MBP/MBP_S0040_F0007_Z00.tif,1203/prediction_LMmed_unpropped.tiff,file:/allen/aics/modeling/data/registration_test_data_v2/M247514_Rorb_1/EMraw/ribbon0000/M247514_Rorb_1_Ribbon0000_take3_data/session_1840855416/Site 4/S_040_161114970/Tile_r3-c1_S_040_16111_flip_flip.tif
74,0.0108778722 0.0968194535 -0.0966558805 0.0107446344 588.2662903350 1290.7974428646,0.0106808450 0.0966555711 -0.0964920658 0.0105481579 588.3074893420 1291.0597157110,file:/nas3/data/M247514_Rorb_1/processed/deconvolveddata_new/Ribbon0000/Session0003/MBP/MBP_S0040_F0010_Z00.tif,1204/prediction_LMmed_unpropped.tiff,file:/allen/aics/modeling/data/registration_test_data_v2/M247514_Rorb_1/EMraw/ribbon0000/M247514_Rorb_1_Ribbon0000_take2_data/session_1348845486/Site 5/S_040_1656468348/Tile_r2-c1_S_040_165646_flip_flip.tif
75,0.0112508959 0.0967906623 -0.0966581500 0.0109834759 474.8678356044 1431.4283028586,0.0112054099 0.0967504913 -0.0966179292 0.0109381690 474.7787470396 1431.7323222167,file:/nas3/data/M247514_Rorb_1/processed/deconvolveddata_new/Ribbon0000/Session0003/MBP/MBP_S0040_F0010_Z00.tif,1205/prediction_LMmed_unpropped.tiff,file:/allen/aics/modeling/data/registration_test_data_v2/M247514_Rorb_1/EMraw/ribbon0000/M247514_Rorb_1_Ribbon0000_take2_data/session_1348845486/Site 5/S_040_1656468348/Tile_r1-c2_S_040_165646_flip_flip.tif
76,-0.0194632915 -0.0968426047 0.0967239527 -0.0193500928 563.5763683829 1327.8353612173,-0.0195787763 -0.0972716923 0.0971525405 -0.0194650351 563.3055805849 1328.1722537674,file:/nas3/data/M247514_Rorb_1/processed/deconvolveddata_new/Ribbon0000/Session0003/MBP/MBP_S0040_F0015_Z00.tif,1207/prediction_LMmed_unpropped.tiff,file:/allen/aics/modeling/data/registration_test_data_v2/M247514_Rorb_1/EMraw/ribbon0000/M247514_Rorb_1_Ribbon0000_data/session_1836000179/Site 3/S_040_1517142915/Tile_r1-c3_S_040_151714_flip_flip.tif
77,-0.0196173664 -0.0972430439 0.0971627043 -0.0193956945 491.1272285096 1568.9735937167,-0.0192976667 -0.0971782966 0.0970973880 -0.0190765214 490.6693780986 1568.6839041098,file:/nas3/data/M247514_Rorb_1/processed/deconvolveddata_new/Ribbon0000/Session0003/MBP/MBP_S0040_F0015_Z00.tif,1208/prediction_LMmed_unpropped.tiff,file:/allen/aics/modeling/data/registration_test_data_v2/M247514_Rorb_1/EMraw/ribbon0000/M247514_Rorb_1_Ribbon0000_data/session_1836000179/Site 3/S_040_1517142915/Tile_r2-c1_S_040_151714_flip_flip.tif
78,-0.0182872657 -0.0977142697 0.0976770839 -0.0179697019 366.3128723656 1597.1940805683,-0.0183631841 -0.0972893792 0.0972528325 -0.0180468526 366.7239895094 1596.9830278990,file:/nas3/data/M247514_Rorb_1/processed/deconvolveddata_new/Ribbon0000/Session0003/MBP/MBP_S0043_F0015_Z00.tif,1301/prediction_LMmed_unpropped.tiff,file:/allen/aics/modeling/data/registration_test_data_v2/M247514_Rorb_1/EMraw/ribbon0000/M247514_Rorb_1_Ribbon0000_data/session_1836000179/Site 3/S_043_367079222/Tile_r3-c1_S_043_36707_flip_flip.tif
79,0.0079808182 0.0971290778 -0.0969520564 0.0081612593 330.6387983284 628.3744154120,0.0079785611 0.0973496063 -0.0971722236 0.0081594457 330.5133931203 628.1601520546,file:/nas3/data/M247514_Rorb_1/processed/deconvolveddata_new/Ribbon0000/Session0003/MBP/MBP_S0043_F0008_Z00.tif,1302/prediction_LMmed_unpropped.tiff,file:/allen/aics/modeling/data/registration_test_data_v2/M247514_Rorb_1/EMraw/ribbon0000/M247514_Rorb_1_Ribbon0000_take2_data/session_1348845486/Site 4/S_043_1577792991/Tile_r2-c1_S_043_157779_flip_flip.tif
80,0.0106129806 0.0967612521 -0.0966261573 0.0103618924 491.8651213315 1417.9966991198,0.0103987777 0.0964896771 -0.0963545165 0.0101487004 491.8470499034 1418.3056623660,file:/nas3/data/M247514_Rorb_1/processed/deconvolveddata_new/Ribbon0000/Session0003/MBP/MBP_S0043_F0010_Z00.tif,1303/prediction_LMmed_unpropped.tiff,file:/allen/aics/modeling/data/registration_test_data_v2/M247514_Rorb_1/EMraw/ribbon0000/M247514_Rorb_1_Ribbon0000_take2_data/session_1348845486/Site 5/S_043_115526742/Tile_r1-c2_S_043_11552_flip_flip.tif
81,0.0064614899 0.0967859267 -0.0965581177 0.0065617695 345.9937097718 753.1002284470,0.0069378845 0.0973850921 -0.0971553544 0.0070377923 346.0931250938 752.2672420291,file:/nas3/data/M247514_Rorb_1/processed/deconvolveddata_new/Ribbon0000/Session0003/MBP/MBP_S0043_F0008_Z00.tif,1305/prediction_LMmed_unpropped.tiff,file:/allen/aics/modeling/data/registration_test_data_v2/M247514_Rorb_1/EMraw/ribbon0000/M247514_Rorb_1_Ribbon0000_take2_data/session_1348845486/Site 4/S_043_1577792991/Tile_r2-c2_S_043_157779_flip_flip.tif
82,-0.0183416803 -0.0974435968 0.0971636191 -0.0181888314 321.5399158561 1380.8028074422,-0.0190363206 -0.0972422915 0.0969636193 -0.0188815459 321.8382561867 1380.8579952521,file:/nas3/data/M247514_Rorb_1/processed/deconvolveddata_new/Ribbon0000/Session0003/MBP/MBP_S0043_F0015_Z00.tif,1308/prediction_LMmed_unpropped.tiff,file:/allen/aics/modeling/data/registration_test_data_v2/M247514_Rorb_1/EMraw/ribbon0000/M247514_Rorb_1_Ribbon0000_data/session_1836000179/Site 3/S_043_367079222/Tile_r3-c3_S_043_36707_flip_flip.tif
83,-0.0183274949 -0.0974756173 0.0972873057 -0.0180609443 342.8633584616 1496.8561289144,-0.0185107307 -0.0980130260 0.0978238644 -0.0182425163 342.1989557046 1497.3209439982,file:/nas3/data/M247514_Rorb_1/processed/deconvolveddata_new/Ribbon0000/Session0003/MBP/MBP_S0043_F0015_Z00.tif,1309/prediction_LMmed_unpropped.tiff,file:/allen/aics/modeling/data/registration_test_data_v2/M247514_Rorb_1/EMraw/ribbon0000/M247514_Rorb_1_Ribbon0000_data/session_1836000179/Site 3/S_043_367079222/Tile_r3-c2_S_043_36707_flip_flip.tif
84,-0.0186573032 -0.0978091375 0.0976240090 -0.0184250932 356.0840830430 1508.1830051651,-0.0187313681 -0.0974583831 0.0972741923 -0.0184996718 356.5022271553 1508.1839954011,file:/nas3/data/M247514_Rorb_1/processed/deconvolveddata_new/Ribbon0000/Session0003/MBP/MBP_S0046_F0015_Z00.tif,1401/prediction_LMmed_unpropped.tiff,file:/allen/aics/modeling/data/registration_test_data_v2/M247514_Rorb_1/EMraw/ribbon0000/M247514_Rorb_1_Ribbon0000_data/session_1836000179/Site 3/S_046_936280491/Tile_r3-c2_S_046_93628_flip_flip.tif
85,-0.0185742211 -0.0976342787 0.0975120779 -0.0184226661 488.7780210942 1594.1688016119,-0.0179313388 -0.0972932838 0.0971707768 -0.0177811760 488.1174383613 1593.4050019813,file:/nas3/data/M247514_Rorb_1/processed/deconvolveddata_new/Ribbon0000/Session0003/MBP/MBP_S0046_F0015_Z00.tif,1403/prediction_LMmed_unpropped.tiff,file:/allen/aics/modeling/data/registration_test_data_v2/M247514_Rorb_1/EMraw/ribbon0000/M247514_Rorb_1_Ribbon0000_data/session_1836000179/Site 3/S_046_936280491/Tile_r2-c1_S_046_93628_flip_flip.tif
86,0.0059151430 0.0971607434 -0.0969117471 0.0059263777 348.6210076020 753.2598174728,0.0059109737 0.0975621487 -0.0973121315 0.0059223277 348.6689501283 752.8060442443,file:/nas3/data/M247514_Rorb_1/processed/deconvolveddata_new/Ribbon0000/Session0003/MBP/MBP_S0046_F0008_Z00.tif,1404/prediction_LMmed_unpropped.tiff,file:/allen/aics/modeling/data/registration_test_data_v2/M247514_Rorb_1/EMraw/ribbon0000/M247514_Rorb_1_Ribbon0000_take2_data/session_1348845486/Site 4/S_046_673358959/Tile_r2-c2_S_046_67335_flip_flip.tif
87,0.0096112019 0.0967377700 -0.0966786963 0.0093010160 452.9184466947 1425.1436762792,0.0092787705 0.0968262680 -0.0967660773 0.0089686149 452.8464073457 1424.9496437069,file:/nas3/data/M247514_Rorb_1/processed/deconvolveddata_new/Ribbon0000/Session0003/MBP/MBP_S0046_F0010_Z00.tif,1405/prediction_LMmed_unpropped.tiff,file:/allen/aics/modeling/data/registration_test_data_v2/M247514_Rorb_1/EMraw/ribbon0000/M247514_Rorb_1_Ribbon0000_take2_data/session_1348845486/Site 5/S_046_1946476797/Tile_r1-c2_S_046_194647_flip_flip.tif
88,-0.0184237373 -0.0974540014 0.0971831851 -0.0182841081 335.3720044756 1401.4521957625,-0.0191121097 -0.0978101534 0.0975388914 -0.0189701416 335.5207867796 1401.9708417881,file:/nas3/data/M247514_Rorb_1/processed/deconvolveddata_new/Ribbon0000/Session0003/MBP/MBP_S0046_F0015_Z00.tif,1408/prediction_LMmed_unpropped.tiff,file:/allen/aics/modeling/data/registration_test_data_v2/M247514_Rorb_1/EMraw/ribbon0000/M247514_Rorb_1_Ribbon0000_data/session_1836000179/Site 3/S_046_936280491/Tile_r3-c3_S_046_93628_flip_flip.tif
89,-0.0183739342 -0.0969879294 0.0969346452 -0.0182493893 588.6556456035 1465.0688011427,-0.0181886104 -0.0970406932 0.0969871575 -0.0180641471 588.2705801367 1464.9610978840,file:/nas3/data/M247514_Rorb_1/processed/deconvolveddata_new/Ribbon0000/Session0003/MBP/MBP_S0046_F0015_Z00.tif,1409/prediction_LMmed_unpropped.tiff,file:/allen/aics/modeling/data/registration_test_data_v2/M247514_Rorb_1/EMraw/ribbon0000/M247514_Rorb_1_Ribbon0000_data/session_1836000179/Site 3/S_046_936280491/Tile_r1-c2_S_046_93628_flip_flip.tif
